City_ID,City,Country,Date,Lat,Lng,Max Temp,Humidity,Cloudiness,Wind Speed
0,Georgetown,MY,2022-06-01 17:44:46,5.4112,100.3354,81.95,93,40,1.14
1,Butaritari,KI,2022-06-01 17:44:46,3.0707,172.7902,80.69,79,100,9.26
2,Jamestown,US,2022-06-01 17:44:47,42.097,-79.2353,83.05,59,40,12.66
3,Deputatskiy,RU,2022-06-01 17:44:47,69.3,139.9,33.24,94,100,5.08
4,Saskylakh,RU,2022-06-01 17:44:48,71.9167,114.0833,31.01,91,100,14.52
5,Qaanaaq,GL,2022-06-01 17:44:48,77.484,-69.3632,28.15,62,47,6.93
6,San Quintin,MX,2022-06-01 17:44:49,30.4833,-115.95,67.77,61,28,10.13
7,Mar Del Plata,AR,2022-06-01 17:44:49,-38.0023,-57.5575,53.62,73,40,14.97
8,Luderitz,NA,2022-06-01 17:44:50,-26.6481,15.1594,66.4,33,0,10.4
9,Provideniya,RU,2022-06-01 17:44:50,64.3833,-173.3,42.12,81,62,2.64
10,Saint George,US,2022-06-01 17:44:51,37.1041,-113.5841,78.64,19,0,8.05
11,Cape Town,ZA,2022-06-01 17:44:23,-33.9258,18.4232,60.12,83,0,3.44
12,Port Alfred,ZA,2022-06-01 17:44:51,-33.5906,26.891,57.18,80,45,1.01
13,Nikolskoye,RU,2022-06-01 17:44:52,59.7035,30.7861,66.09,63,99,4.83
14,Vaini,TO,2022-06-01 17:44:52,-21.2,-175.2,73.56,88,20,4.61
15,Tiksi,RU,2022-06-01 17:44:53,71.6872,128.8694,31.3,88,100,2.06
16,Kapaa,US,2022-06-01 17:44:53,22.0752,-159.319,74.12,97,100,13.8
17,Ushuaia,AR,2022-06-01 17:44:54,-54.8,-68.3,37.02,82,98,1.5
18,Tuatapere,NZ,2022-06-01 17:44:54,-46.1333,167.6833,52.59,91,100,6.62
19,Busselton,AU,2022-06-01 17:44:55,-33.65,115.3333,58.8,82,58,10.8
20,Buala,SB,2022-06-01 17:44:55,-8.145,159.5921,76.66,85,91,2.86
21,Kushima,JP,2022-06-01 17:44:56,31.4583,131.2333,63.14,94,99,4.5
22,Bilibino,RU,2022-06-01 17:44:56,68.0546,166.4372,54.36,50,100,4.14
23,Avarua,CK,2022-06-01 17:44:57,-21.2078,-159.775,73.45,68,75,9.22
24,Mataura,NZ,2022-06-01 17:44:57,-46.1927,168.8643,52.48,85,94,4.12
25,Tasiilaq,GL,2022-06-01 17:44:58,65.6145,-37.6368,37.56,99,100,1.66
26,Dikson,RU,2022-06-01 17:44:58,73.5069,80.5464,28.9,96,100,21.65
27,Cidreira,BR,2022-06-01 17:44:59,-30.1811,-50.2056,54.14,72,100,3.13
28,Padang,ID,2022-06-01 17:44:59,-0.9492,100.3543,76.24,90,71,4.18
29,Troitskoye,RU,2022-06-01 17:45:00,52.9821,84.6757,48.36,90,95,16.46
30,Tibacuy,CO,2022-06-01 17:45:00,4.3511,-72.4564,80.83,75,92,8.63
31,Ponta Do Sol,PT,2022-06-01 17:45:01,32.6667,-17.1,73.71,70,13,10.67
32,Punta Arenas,CL,2022-06-01 17:45:02,-53.15,-70.9167,39.31,75,20,12.66
33,Hatillo,PR,2022-06-01 17:45:02,18.4863,-66.8254,86.07,68,32,10.0
34,Arraial Do Cabo,BR,2022-06-01 17:45:03,-22.9661,-42.0278,82.36,78,20,10.36
35,Qesarya,IL,2022-06-01 17:45:04,32.5189,34.9046,73.35,82,0,3.0
36,Havre-Saint-Pierre,CA,2022-06-01 17:45:05,50.2334,-63.5986,57.56,38,75,19.57
37,Mindelo,CV,2022-06-01 17:45:06,16.8901,-24.9804,80.15,61,20,35.68
38,Talnakh,RU,2022-06-01 17:45:08,69.4865,88.3972,31.21,88,100,13.4
39,Rikitea,PF,2022-06-01 17:45:09,-23.1203,-134.9692,76.93,81,100,23.02
40,Barrow,US,2022-06-01 17:45:10,71.2906,-156.7887,33.82,86,100,12.66
41,Arman,RU,2022-06-01 17:45:10,59.7,150.1667,43.02,87,100,3.83
42,Zamora,EC,2022-06-01 17:45:11,-4.0692,-78.9567,83.44,82,100,3.44
43,Tyazhinskiy,RU,2022-06-01 17:45:12,56.116,88.524,50.67,93,99,2.13
44,Puerto Ayora,EC,2022-06-01 17:45:13,-0.7393,-90.3518,76.96,81,91,11.61
45,Victoria,HK,2022-06-01 17:43:17,22.2855,114.1577,84.38,86,89,11.01
46,Dingli,MT,2022-06-01 17:46:13,35.8614,14.3822,82.56,34,0,8.05
47,Constitucion,CL,2022-06-01 17:46:15,-35.3333,-72.4167,49.86,62,23,4.41
48,Bud,US,2022-06-01 17:46:15,39.447,-86.1758,84.31,71,99,10.85
49,Mweka,CD,2022-06-01 17:46:16,-4.85,21.5667,74.17,65,79,0.63
50,Senno,RU,2022-06-01 17:46:16,59.5336,33.9167,59.27,60,59,3.24
51,Tessalit,ML,2022-06-01 17:46:17,20.1986,1.0114,105.04,10,95,9.35
52,Copiapo,CL,2022-06-01 17:46:17,-27.3667,-70.3333,53.29,59,98,6.42
53,Severo-Kurilsk,RU,2022-06-01 17:46:18,50.6789,156.125,40.26,91,94,6.13
54,Bredasdorp,ZA,2022-06-01 17:46:19,-34.5322,20.0403,55.06,91,67,5.28
55,Upernavik,GL,2022-06-01 17:46:19,72.7868,-56.1549,27.41,69,1,6.98
56,Erzin,TR,2022-06-01 17:46:20,36.9559,36.2,70.88,86,10,1.25
57,Clyde River,CA,2022-06-01 17:46:20,70.4692,-68.5914,37.63,81,0,0.0
58,Yenagoa,NG,2022-06-01 17:46:20,4.9247,6.2642,78.08,89,87,4.85
59,Hof,DE,2022-06-01 17:46:21,50.3167,11.9167,65.43,40,0,11.99
60,Belaya Gora,RU,2022-06-01 17:46:22,68.5333,146.4167,46.76,75,100,17.02
61,Vyritsa,RU,2022-06-01 17:46:22,59.4078,30.3481,65.71,59,91,4.74
62,Thompson,CA,2022-06-01 17:42:16,55.7435,-97.8558,35.76,93,100,14.97
63,Coquimbo,CL,2022-06-01 17:46:23,-29.9533,-71.3436,55.13,71,100,8.05
64,Longhua,CN,2022-06-01 17:46:23,23.6137,114.1919,75.85,95,75,2.24
65,Kaeo,NZ,2022-06-01 17:46:24,-35.1,173.7833,62.28,89,99,13.78
66,Albany,US,2022-06-01 17:46:24,42.6001,-73.9662,65.68,91,100,5.53
67,Esperance,AU,2022-06-01 17:46:25,-33.8667,121.9,54.05,67,99,13.56
68,Bengkulu,ID,2022-06-01 17:46:26,-3.8004,102.2655,75.76,91,74,3.87
69,Asau,RO,2022-06-01 17:46:27,46.4333,26.4,72.52,77,89,3.56
70,Hermanus,ZA,2022-06-01 17:46:27,-34.4187,19.2345,52.81,86,62,4.83
71,Siilinjarvi,FI,2022-06-01 17:46:27,63.0833,27.6667,62.62,45,0,10.36
72,Sarangani,PH,2022-06-01 17:46:28,5.4033,125.4636,83.01,75,27,6.29
73,New Norfolk,AU,2022-06-01 17:46:28,-42.7826,147.0587,38.91,81,37,2.51
74,Hilo,US,2022-06-01 17:46:29,19.7297,-155.09,84.27,77,0,8.05
75,Cherskiy,RU,2022-06-01 17:46:29,68.75,161.3,57.76,50,100,11.3
76,Hobart,AU,2022-06-01 17:42:18,-42.8794,147.3294,40.86,85,37,5.75
77,Broome,US,2022-06-01 17:46:30,42.2506,-75.833,82.62,64,75,8.01
78,Tubuala,PA,2022-06-01 17:46:30,9.5167,-79.0333,84.51,73,100,5.28
79,Bambous Virieux,MU,2022-06-01 17:46:31,-20.3428,57.7575,73.65,64,20,12.66
80,San Cristobal,VE,2022-06-01 17:46:31,7.7669,-72.225,86.18,40,99,10.6
81,Bluff,NZ,2022-06-01 17:46:32,-46.6,168.3333,52.81,90,95,13.0
82,Tuktoyaktuk,CA,2022-06-01 17:46:32,69.4541,-133.0374,41.0,65,40,13.8
83,Fare,PF,2022-06-01 17:46:33,-16.7,-151.0167,79.21,73,100,9.6
84,Cockburn Town,TC,2022-06-01 17:46:34,21.4612,-71.1419,82.36,69,75,20.71
85,Lebu,CL,2022-06-01 17:46:34,-37.6167,-73.65,49.06,53,45,1.88
86,Urucara,BR,2022-06-01 17:46:35,-2.5364,-57.76,85.32,74,57,3.24
87,Khatanga,RU,2022-06-01 17:46:36,71.9667,102.5,37.11,96,100,8.48
88,Lasa,IT,2022-06-01 17:46:36,46.6166,10.7002,65.28,87,88,2.86
89,Wyndham,US,2022-06-01 17:46:37,37.6985,-77.6125,95.05,48,0,5.75
90,Meulaboh,ID,2022-06-01 17:46:37,4.1363,96.1285,76.62,90,100,7.74
91,Alekseyevsk,RU,2022-06-01 17:46:38,57.8406,108.3492,43.83,73,54,3.33
92,Plouzane,FR,2022-06-01 17:55:07,48.3833,-4.6167,62.78,55,0,11.5
93,Isangel,VU,2022-06-01 17:55:08,-19.55,169.2667,76.75,88,15,3.42
94,Hithadhoo,MV,2022-06-01 17:55:09,-0.6,73.0833,83.98,70,94,9.98
95,Castro,BR,2022-06-01 17:55:10,-24.7911,-50.0119,59.31,99,100,4.21
96,Atikokan,CA,2022-06-01 17:55:11,48.7555,-91.6216,63.16,32,44,15.01
97,Faya,SA,2022-06-01 17:55:13,18.3851,42.4509,75.31,41,54,4.03
98,Poronaysk,RU,2022-06-01 17:55:21,49.2167,143.1167,40.06,98,100,4.72
99,Mahebourg,MU,2022-06-01 17:55:22,-20.4081,57.7,73.69,64,20,12.66
100,Norman Wells,CA,2022-06-01 17:55:24,65.282,-126.8329,51.84,66,20,4.61
101,Waynesboro,US,2022-06-01 17:52:35,38.0685,-78.8895,88.99,54,0,5.75
102,Mareeba,AU,2022-06-01 17:55:26,-17.0,145.4333,64.44,92,77,2.17
103,Juneau,US,2022-06-01 17:54:08,58.3019,-134.4197,69.84,67,10,4.56
104,San Patricio,US,2022-06-01 17:55:28,28.017,-97.5169,91.18,50,25,14.94
105,Kruisfontein,ZA,2022-06-01 17:55:29,-34.0033,24.7314,55.89,82,33,7.36
106,Capao Da Canoa,BR,2022-06-01 17:55:30,-29.7456,-50.0097,52.0,90,100,2.13
107,Majene,ID,2022-06-01 17:55:31,-3.5403,118.9707,78.48,87,97,4.14
108,Bethel,US,2022-06-01 17:55:24,41.3712,-73.414,70.52,73,91,1.01
109,Purpe,RU,2022-06-01 17:55:33,64.4803,76.6897,35.76,75,99,22.68
110,Kodiak,US,2022-06-01 17:55:35,57.79,-152.4072,49.42,83,86,5.01
111,Pevek,RU,2022-06-01 17:55:36,69.7008,170.3133,43.57,72,100,11.86
112,Fairbanks,US,2022-06-01 17:50:52,64.8378,-147.7164,67.08,47,0,3.44
113,Novobureyskiy,RU,2022-06-01 17:55:38,49.798,129.8774,49.37,96,100,11.18
114,Itaunja,IN,2022-06-01 17:55:39,27.0833,80.9167,89.58,9,2,2.33
115,Vila Franca Do Campo,PT,2022-06-01 17:55:39,37.7167,-25.4333,64.81,77,70,12.91
116,Shakawe,BW,2022-06-01 17:55:40,-18.3667,21.85,56.46,23,3,6.29
117,Lapeer,US,2022-06-01 17:54:20,43.0514,-83.3188,78.28,83,40,6.91
118,Peyima,SL,2022-06-01 17:55:40,8.7,-11.0333,86.04,58,48,3.13
119,Yurino,RU,2022-06-01 17:53:09,56.2942,46.3039,60.93,76,57,5.21
120,Leshukonskoye,RU,2022-06-01 17:55:41,64.8989,45.7622,61.05,51,53,5.08
121,Saldanha,ZA,2022-06-01 17:55:41,-33.0117,17.9442,57.25,78,16,9.53
122,George,ZA,2022-06-01 17:55:42,-33.963,22.4617,54.95,88,0,4.61
123,Vanimo,PG,2022-06-01 17:55:42,-2.6741,141.3028,76.42,90,16,5.79
124,Geraldton,AU,2022-06-01 17:55:42,-28.7667,114.6,45.01,87,83,3.44
125,Quatre Cocos,MU,2022-06-01 17:55:43,-20.2078,57.7625,73.51,64,10,10.36
126,Narsaq,GL,2022-06-01 17:55:43,60.9167,-46.05,47.07,60,100,5.53
127,Kajaani,FI,2022-06-01 17:55:44,64.2273,27.7285,62.65,48,0,5.75
128,Karatuzskoye,RU,2022-06-01 17:55:44,53.6072,92.8667,52.11,93,98,5.53
129,Winslow,US,2022-06-01 17:52:00,35.0242,-110.6974,69.98,16,0,0.0
130,Thongwa,MM,2022-06-01 17:55:44,16.7619,96.5278,78.96,87,66,5.75
131,Remerschen,LU,2022-06-01 17:55:45,49.4886,6.3517,66.78,39,0,12.66
132,El Tigre,VE,2022-06-01 17:55:45,8.8875,-64.2454,92.26,30,100,7.78
133,Junin,AR,2022-06-01 17:53:10,-34.5838,-60.9433,56.44,33,76,2.46
134,Katsuura,JP,2022-06-01 17:55:46,35.1333,140.3,67.44,82,100,7.11
135,Cabo San Lucas,MX,2022-06-01 17:51:24,22.8909,-109.9124,88.61,74,27,1.99
136,Adrar,MR,2022-06-01 17:55:46,20.5022,-10.0711,105.03,9,3,13.98
137,Solnechnyy,RU,2022-06-01 17:56:47,50.7214,136.6319,43.66,99,94,3.02
138,Necochea,AR,2022-06-01 17:56:47,-38.5473,-58.7368,47.98,77,84,11.12
139,Lorengau,PG,2022-06-01 17:56:48,-2.0226,147.2712,79.3,76,51,3.51
140,Ust-Tsilma,RU,2022-06-01 17:56:48,65.441,52.1498,56.52,48,57,4.41
141,Grande Prairie,CA,2022-06-01 17:56:48,55.1667,-118.8027,66.38,32,20,5.75
142,Quthing,LS,2022-06-01 17:56:49,-30.4,27.7003,42.73,42,2,0.94
143,Qeshm,IR,2022-06-01 17:56:49,26.9581,56.2719,87.69,78,0,10.27
144,Auki,SB,2022-06-01 17:56:49,-8.7676,160.7034,76.06,88,100,6.04
145,Wattegama,LK,2022-06-01 17:56:50,6.7989,81.4808,77.23,80,100,5.73
146,Ostrovnoy,RU,2022-06-01 17:56:50,68.0531,39.5131,45.37,77,27,6.85
147,Slavgorodskoye,RU,2022-06-01 17:56:51,53.0214,78.6435,51.85,76,95,14.32
148,Ribeira Grande,PT,2022-06-01 17:56:51,38.5167,-28.7,66.6,77,20,17.27
149,Alexandria,EG,2022-06-01 17:53:30,31.2156,29.9553,75.16,57,0,6.91
150,Codrington,AU,2022-06-01 17:56:52,-38.2667,141.9667,45.9,78,80,6.89
151,Longyearbyen,SJ,2022-06-01 17:56:52,78.2186,15.6401,48.04,76,0,4.61
152,Tete,MZ,2022-06-01 17:56:52,-16.1564,33.5867,73.49,46,75,7.0
153,Waingapu,ID,2022-06-01 17:56:53,-9.6567,120.2641,77.63,83,54,3.42
154,Oyem,GA,2022-06-01 17:56:53,1.5995,11.5793,70.38,96,68,1.48
155,Humaita,BR,2022-06-01 17:56:54,-7.5061,-63.0208,90.95,50,64,1.39
156,Kavaratti,IN,2022-06-01 17:56:54,10.5669,72.642,82.72,76,100,17.65
157,Kysyl-Syr,RU,2022-06-01 17:56:54,63.8986,122.7617,48.36,99,100,4.16
158,Leningradskiy,RU,2022-06-01 17:56:55,69.3833,178.4167,36.77,93,99,9.22
159,Evensk,RU,2022-06-01 17:56:55,61.95,159.2333,41.0,73,11,1.79
160,Atuona,PF,2022-06-01 17:56:55,-9.8,-139.0333,77.74,79,7,10.13
161,Chiredzi,ZW,2022-06-01 17:56:56,-21.05,31.6667,65.05,57,44,6.71
162,Balkhash,KZ,2022-06-01 17:56:56,46.844,74.9804,63.63,44,1,15.75
163,Varhaug,NO,2022-06-01 17:56:57,58.6147,5.6457,54.48,89,82,13.35
164,Saint-Francois,FR,2022-06-01 17:56:57,46.4154,3.9054,74.64,43,0,3.44
165,Namibe,AO,2022-06-01 17:56:58,-15.1961,12.1522,77.4,49,12,8.79
166,Airai,TL,2022-06-01 17:56:58,-8.9266,125.4092,59.22,92,90,1.43
167,Flinders,AU,2022-06-01 17:56:58,-34.5833,150.8552,49.17,71,5,5.99
168,Yueyang,CN,2022-06-01 17:56:59,29.3333,113.0919,74.55,94,85,2.13
169,Tefe,BR,2022-06-01 17:56:59,-3.3542,-64.7114,82.51,78,75,9.22
170,America Dourada,BR,2022-06-01 17:56:59,-11.4553,-41.4361,84.7,32,1,11.9
171,Saint Anthony,US,2022-06-01 17:57:00,45.0205,-93.218,69.82,45,7,3.0
172,Chardara,KZ,2022-06-01 17:57:01,41.2547,67.9692,80.33,28,2,9.53
173,Jijiga,ET,2022-06-01 17:57:02,9.35,42.8,66.18,68,71,4.85
174,Iqaluit,CA,2022-06-01 17:57:02,63.7506,-68.5145,37.13,69,75,5.75
175,East London,ZA,2022-06-01 17:57:02,-33.0153,27.9116,56.34,58,0,6.91
176,Kuytun,RU,2022-06-01 17:57:03,54.3419,101.5036,52.77,68,99,5.7
177,Jalu,LY,2022-06-01 17:57:03,29.0331,21.5482,91.45,13,0,5.41
178,Kloulklubed,PW,2022-06-01 17:57:04,7.0419,134.2556,83.88,73,33,13.78
179,Ilulissat,GL,2022-06-01 17:57:04,69.2167,-51.1,33.93,69,24,4.05
180,Roebourne,AU,2022-06-01 17:57:04,-20.7833,117.1333,64.15,71,71,10.58
181,Bredy,RU,2022-06-01 17:57:05,52.4153,60.3411,56.17,58,11,4.27
182,Bakchar,RU,2022-06-01 17:58:05,57.0186,82.0711,44.58,93,99,7.16
183,Nanortalik,GL,2022-06-01 17:58:06,60.1432,-45.2371,40.71,76,100,1.99
184,Tautira,PF,2022-06-01 17:58:06,-17.7333,-149.15,79.02,73,100,14.09
185,Cururupu,BR,2022-06-01 17:58:06,-1.8283,-44.8683,85.01,65,40,5.64
186,Mnogovershinnyy,RU,2022-06-01 17:58:07,53.9353,139.9242,41.92,88,85,2.71
187,Sabha,LY,2022-06-01 17:58:07,27.0377,14.4283,92.17,12,0,12.44
188,Ziniare,BF,2022-06-01 17:58:08,12.5822,-1.2983,102.24,18,18,7.58
189,Mandera,KE,2022-06-01 17:58:08,3.9366,41.867,83.23,50,72,9.86
190,Srednekolymsk,RU,2022-06-01 17:58:08,67.45,153.6833,59.2,53,100,7.99
191,Carutapera,BR,2022-06-01 17:58:09,-1.195,-46.02,85.3,64,61,8.08
192,Ketchikan,US,2022-06-01 17:58:09,55.3422,-131.6461,52.27,87,100,4.61
193,Poum,NC,2022-06-01 17:58:10,-20.2333,164.0167,76.35,79,29,13.91
194,Jacareacanga,BR,2022-06-01 17:58:10,-6.2222,-57.7528,87.51,57,68,3.96
195,Simplicio Mendes,BR,2022-06-01 17:58:10,-7.8539,-41.9103,90.61,35,23,9.64
196,Muhos,FI,2022-06-01 17:58:11,64.808,25.9931,56.98,66,89,5.53
197,Dasoguz,TM,2022-06-01 17:58:11,41.8363,59.9666,85.95,28,0,2.3
198,Bournemouth,GB,2022-06-01 17:58:12,50.7205,-1.8795,64.27,68,40,5.75
199,Sibu,MY,2022-06-01 17:58:12,2.3,111.8167,73.71,94,40,0.0
200,Verkhnyaya Balkariya,RU,2022-06-01 17:58:12,43.1279,43.4573,65.32,89,91,4.61
201,Hofn,IS,2022-06-01 17:58:13,64.2539,-15.2082,53.62,76,75,6.91
202,Marienburg,PL,2022-06-01 17:58:13,54.0359,19.0266,59.88,83,78,7.43
203,Saint-Philippe,RE,2022-06-01 17:58:14,-21.3585,55.7679,72.99,79,58,13.04
204,Gorontalo,ID,2022-06-01 17:58:14,0.5412,123.0595,74.66,93,11,2.33
205,Chapais,CA,2022-06-01 17:58:14,49.7834,-74.8492,58.78,59,99,8.97
206,Jaguaquara,BR,2022-06-01 17:58:15,-13.5306,-39.9708,78.37,49,11,6.62
207,Show Low,US,2022-06-01 17:55:09,34.2542,-110.0298,76.08,18,0,3.0
208,Itarema,BR,2022-06-01 17:58:15,-2.9248,-39.9167,82.18,76,71,12.59
209,Banyo,CM,2022-06-01 17:58:16,6.75,11.8167,67.6,91,90,0.65
210,Lagoa,PT,2022-06-01 17:58:16,39.05,-27.9833,61.14,82,84,11.12
211,Bara,NG,2022-06-01 17:58:16,10.3744,10.7288,91.81,30,57,2.1
212,Acajutla,SV,2022-06-01 17:58:17,13.5928,-89.8275,85.01,56,100,11.74
213,Richards Bay,ZA,2022-06-01 17:58:17,-28.783,32.0377,59.9,55,0,5.46
214,Corn Island,NI,2022-06-01 17:58:18,12.1694,-83.0418,80.76,78,100,3.18
215,Souillac,MU,2022-06-01 17:58:18,-20.5167,57.5167,73.78,64,20,12.66
216,Calbuco,CL,2022-06-01 17:58:19,-41.768,-73.1273,38.41,60,5,3.69
217,Broken Hill,AU,2022-06-01 17:55:08,-31.95,141.4333,48.06,58,100,4.32
218,Baruun-Urt,MN,2022-06-01 17:58:19,46.6806,113.2792,61.07,58,100,0.85
219,Eyemouth,GB,2022-06-01 17:58:19,55.8713,-2.0901,62.82,72,74,4.18
220,Cayenne,GF,2022-06-01 17:58:20,4.9333,-52.3333,86.04,1,40,9.22
221,Chokurdakh,RU,2022-06-01 17:58:20,70.6333,147.9167,36.75,92,100,11.41
222,Daru,PG,2022-06-01 17:58:21,-9.0763,143.2092,78.6,84,47,11.68
223,Yellowknife,CA,2022-06-01 17:58:21,62.456,-114.3525,61.32,39,20,8.05
224,Cairns,AU,2022-06-01 17:58:05,-16.9167,145.7667,69.06,96,75,8.05
225,Voiron,FR,2022-06-01 17:58:22,45.3639,5.5921,74.62,68,80,2.44
226,Bartlesville,US,2022-06-01 17:54:58,36.7473,-95.9808,77.11,76,98,1.99
227,Shingu,JP,2022-06-01 17:58:23,33.7333,135.9833,59.41,55,99,5.79
228,Chuy,UY,2022-06-01 17:59:23,-33.6971,-53.4616,53.11,49,100,6.46
229,Pisco,PE,2022-06-01 17:55:00,-13.7,-76.2167,69.03,77,16,8.05
230,Lerwick,GB,2022-06-01 17:59:24,60.1545,-1.1494,50.0,76,51,16.26
231,Domoni,KM,2022-06-01 17:59:24,-12.2569,44.5319,77.38,70,40,13.73
232,Huilong,CN,2022-06-01 17:59:24,31.8111,121.655,73.92,88,100,6.29
233,Hasaki,JP,2022-06-01 17:59:25,35.7333,140.8333,61.29,77,100,7.07
234,Port Elizabeth,ZA,2022-06-01 17:59:25,-33.918,25.5701,61.09,81,0,13.8
235,Sitka,US,2022-06-01 17:59:26,57.0531,-135.33,63.36,57,100,3.18
236,Alofi,NU,2022-06-01 17:59:26,-19.0595,-169.9187,75.09,88,16,10.36
237,Port-Cartier,CA,2022-06-01 17:59:27,50.0334,-66.8654,66.42,44,3,1.25
238,Ust-Nera,RU,2022-06-01 17:59:27,64.5667,143.2,50.85,79,100,5.95
239,Mildura,AU,2022-06-01 17:59:27,-34.2,142.15,44.08,89,100,2.91
240,Vestmannaeyjar,IS,2022-06-01 17:59:28,63.4427,-20.2734,52.79,87,20,11.5
241,Los Andes,CL,2022-06-01 17:59:28,-32.8337,-70.5983,55.0,54,67,0.85
242,Sao Filipe,CV,2022-06-01 17:59:29,14.8961,-24.4956,77.81,68,77,12.15
243,Bambanglipuro,ID,2022-06-01 17:59:29,-7.95,110.2833,74.77,92,79,2.84
244,Viedma,AR,2022-06-01 17:59:29,-40.8135,-62.9967,48.92,68,84,7.76
245,Aswan,EG,2022-06-01 17:59:30,24.0934,32.907,103.3,8,0,5.75
246,Sri Aman,MY,2022-06-01 17:59:30,1.2376,111.4621,77.09,94,100,1.14
247,Koumac,NC,2022-06-01 17:59:31,-20.5667,164.2833,74.7,85,82,7.49
248,Cabinda,AO,2022-06-01 17:59:31,-5.55,12.2,78.94,78,75,5.75
249,Priupskiy,RU,2022-06-01 17:59:32,53.9096,37.736,57.54,94,95,9.04
250,Atar,MR,2022-06-01 17:59:32,20.5169,-13.0499,106.68,11,17,14.27
251,Hamilton,US,2022-06-01 17:59:32,39.1834,-84.5333,89.51,57,84,3.0
252,Lakatoro,VU,2022-06-01 17:59:33,-16.0999,167.4164,79.21,83,50,6.76
253,Oussouye,SN,2022-06-01 17:59:33,12.485,-16.5469,95.18,50,0,11.59
254,Kavieng,PG,2022-06-01 17:59:34,-2.5744,150.7967,79.65,70,41,2.75
255,Kikuchi,JP,2022-06-01 17:59:34,32.9833,130.8167,64.94,92,98,1.57
256,Havre,FR,2022-06-01 17:59:35,49.5833,0.3333,64.35,67,0,11.5
257,Los Llanos De Aridane,ES,2022-06-01 17:59:35,28.6585,-17.9182,67.75,84,40,11.5
258,Kidal,ML,2022-06-01 17:59:35,18.4411,1.4078,103.5,6,86,8.03
259,Eydhafushi,MV,2022-06-01 17:59:36,5.1033,73.0708,82.89,77,93,18.63
260,Kahului,US,2022-06-01 17:59:36,20.8947,-156.47,76.84,88,3,4.0
261,Ancud,CL,2022-06-01 17:55:40,-41.8697,-73.8203,47.23,66,27,2.86
262,Suoyarvi,RU,2022-06-01 17:59:37,62.0833,32.35,56.26,63,47,2.73
263,Vao,NC,2022-06-01 17:59:37,-22.6667,167.4833,75.27,84,87,15.39
264,Kaitangata,NZ,2022-06-01 17:59:37,-46.2817,169.8464,49.5,83,86,5.06
265,San Juan,AR,2022-06-01 17:55:08,-31.5375,-68.5364,54.3,33,7,9.91
266,Husavik,IS,2022-06-01 17:59:38,66.0449,-17.3389,46.35,92,90,3.65
267,Charlestown,AU,2022-06-01 17:59:38,-32.95,151.6667,47.82,75,5,4.0
268,Fukue,JP,2022-06-01 17:59:39,32.6881,128.8419,68.0,80,86,8.43
269,Banjar,ID,2022-06-01 17:59:39,-8.19,114.9675,77.79,85,92,2.17
270,Namatanai,PG,2022-06-01 17:59:40,-3.6667,152.4333,77.31,78,23,2.17
271,Artigas,UY,2022-06-01 17:59:40,-30.4,-56.4667,54.37,52,60,11.07
272,Lumberton,US,2022-06-01 17:58:24,34.6182,-79.0086,96.04,33,0,3.2
273,Naron,ES,2022-06-01 17:59:41,43.5167,-8.1528,72.91,84,86,4.97
274,Pacific Grove,US,2022-06-01 17:59:41,36.6177,-121.9166,73.81,85,3,14.0
275,Guerrero Negro,MX,2022-06-01 18:00:42,27.9769,-114.0611,69.17,58,36,13.96
276,Torbay,CA,2022-06-01 17:57:22,47.6666,-52.7314,42.76,96,100,10.36
277,Portland,US,2022-06-01 17:57:44,45.5234,-122.6762,70.61,68,100,5.99
278,Saint-Hyacinthe,CA,2022-06-01 17:58:15,45.6168,-72.9491,65.61,70,100,3.13
279,Abu Dhabi,AE,2022-06-01 17:59:12,24.4667,54.3667,93.31,60,0,3.44
280,Sobolevo,RU,2022-06-01 18:00:44,54.4299,31.8996,60.01,92,33,7.11
281,Kalachinsk,RU,2022-06-01 18:00:44,55.0529,74.5751,50.22,67,61,11.39
282,Kudahuvadhoo,MV,2022-06-01 18:00:45,2.6708,72.8944,83.55,74,98,15.64
283,Olafsvik,IS,2022-06-01 18:00:45,64.8945,-23.7142,50.27,83,98,5.17
284,Tokat,TR,2022-06-01 18:00:46,40.4167,36.5833,53.33,93,0,5.88
285,Krasnyy Oktyabr,RU,2022-06-01 18:00:46,56.1167,38.8833,60.55,97,83,6.35
286,Fort Nelson,CA,2022-06-01 17:57:21,58.8053,-122.7002,63.99,42,20,2.3
287,Fortuna,US,2022-06-01 18:00:47,40.5982,-124.1573,61.93,84,100,4.61
288,Colborne,CA,2022-06-01 18:00:47,44.0001,-77.8828,68.58,97,100,2.77
289,Lazaro Cardenas,MX,2022-06-01 17:56:34,17.9583,-102.2,84.4,59,75,10.38
290,Kolokani,ML,2022-06-01 18:00:48,13.5728,-8.0339,102.7,16,20,9.8
291,Erenhot,CN,2022-06-01 18:00:49,43.6475,111.9767,70.3,18,3,8.43
292,Vostok,RU,2022-06-01 18:00:49,46.4856,135.8833,42.76,94,74,4.34
293,Redmond,US,2022-06-01 17:57:31,47.674,-122.1215,70.34,69,100,5.01
294,Kalabo,ZM,2022-06-01 18:00:50,-14.97,22.6814,61.68,45,14,6.55
295,Usinsk,RU,2022-06-01 18:00:50,65.9939,57.5281,50.65,41,65,9.44
296,Riyadh,SA,2022-06-01 17:59:31,24.6877,46.7219,96.94,8,0,8.93
297,Parry Sound,CA,2022-06-01 18:00:51,45.3501,-80.033,61.66,81,100,9.06
298,Floro,NO,2022-06-01 18:00:52,61.5996,5.0328,58.23,100,75,13.8
299,Chitral,PK,2022-06-01 18:00:52,35.8462,71.7858,66.58,53,93,2.35
300,Henties Bay,NA,2022-06-01 18:00:53,-22.116,14.2845,63.75,48,0,10.98
301,Allauch,FR,2022-06-01 17:58:17,43.3357,5.482,80.15,44,0,5.01
302,Beira,MZ,2022-06-01 18:00:53,-19.8436,34.8389,73.49,60,20,13.8
303,Stokmarknes,NO,2022-06-01 18:00:54,68.5646,14.9108,57.18,58,0,8.05
304,Kargasok,RU,2022-06-01 18:00:55,59.0556,80.8572,45.45,71,70,14.81
305,Plettenberg Bay,ZA,2022-06-01 18:00:55,-34.0527,23.3716,57.18,77,38,6.38
306,Oranjemund,NA,2022-06-01 18:00:56,-28.55,16.4333,57.07,57,0,6.46
307,Skagen,DK,2022-06-01 18:00:56,57.7209,10.5839,53.82,77,29,15.97
308,Petauke,ZM,2022-06-01 18:00:57,-14.2426,31.3253,59.47,58,1,9.19
309,College,US,2022-06-01 17:56:29,64.8569,-147.8028,68.09,48,0,3.44
310,Lukovetskiy,RU,2022-06-01 18:00:58,64.2956,41.9211,62.35,71,97,1.25
311,Ullal,IN,2022-06-01 18:00:59,12.8,74.85,79.75,89,40,0.0
312,Port Hedland,AU,2022-06-01 18:00:59,-20.3167,118.5667,60.85,82,46,10.36
313,Port Hardy,CA,2022-06-01 18:00:12,50.6996,-127.4199,50.18,100,100,4.61
314,Lagoa Vermelha,BR,2022-06-01 18:01:00,-28.2086,-51.5258,53.85,98,100,1.34
315,Elliot,ZA,2022-06-01 18:01:00,-31.3333,27.85,42.06,34,3,4.36
316,Yuzawa,JP,2022-06-01 18:01:01,39.1667,140.5,52.88,86,74,5.19
317,Okha,RU,2022-06-01 18:01:02,53.5739,142.9478,34.48,97,100,12.12
318,Amposta,ES,2022-06-01 18:01:03,40.7131,0.581,79.23,66,1,6.8
319,Sabya,SA,2022-06-01 18:01:03,17.1495,42.6254,86.61,63,0,2.89
320,La Peca,PE,2022-06-01 18:01:04,-5.6111,-78.435,84.31,52,90,1.9
321,Sibolga,ID,2022-06-01 18:02:05,1.7427,98.7792,75.52,90,100,2.86
322,Mount Isa,AU,2022-06-01 18:02:06,-20.7333,139.5,62.37,55,40,4.61
323,Guarapari,BR,2022-06-01 18:02:06,-20.6667,-40.4975,76.89,73,18,7.9
324,Muros,ES,2022-06-01 18:02:07,42.7762,-9.0603,69.1,73,77,8.95
325,Corinto,GR,2022-06-01 18:02:07,37.9407,22.9573,75.88,50,9,1.34
326,Oshawa,CA,2022-06-01 18:00:10,43.9001,-78.8496,70.48,91,100,3.44
327,Chicama,PE,2022-06-01 18:02:08,-7.8447,-79.1469,73.4,60,81,12.53
328,Barra Dos Coqueiros,BR,2022-06-01 17:57:37,-10.9089,-37.0386,84.22,70,40,10.36
329,Tazovskiy,RU,2022-06-01 18:02:09,67.4667,78.7,30.81,78,99,21.5
330,Druzhba,UA,2022-06-01 18:02:09,52.0428,33.9453,63.12,92,35,5.79
331,Manggar,ID,2022-06-01 18:02:10,-2.8833,108.2667,81.82,78,28,8.08
332,Opuwo,NA,2022-06-01 18:01:33,-18.0607,13.84,62.51,25,62,10.2
333,Thinadhoo,MV,2022-06-01 18:02:10,0.5333,72.9333,83.79,71,90,13.04
334,Palmerston,AU,2022-06-01 18:00:00,-12.486,130.9833,78.78,89,75,8.05
335,Alice Springs,AU,2022-06-01 18:02:11,-23.7,133.8833,54.95,94,100,5.75
336,Ippy,CF,2022-06-01 18:02:12,6.2679,21.2247,75.43,77,58,4.61
337,Yulara,AU,2022-06-01 18:02:12,-25.2406,130.9889,49.84,100,100,6.91
338,Grindavik,IS,2022-06-01 18:02:13,63.8424,-22.4338,52.27,82,75,0.0
339,Iroquois Falls,CA,2022-06-01 18:02:13,48.7669,-80.6831,62.83,57,82,14.27
340,Rocha,UY,2022-06-01 18:02:14,-34.4833,-54.3333,53.1,47,59,10.6
341,Tiznit,MA,2022-06-01 18:02:14,29.5833,-9.5,75.94,42,80,7.78
342,Zhigansk,RU,2022-06-01 18:02:15,66.7697,123.3711,39.29,78,37,8.66
343,Acapulco,MX,2022-06-01 17:58:05,16.8634,-99.8901,85.23,59,73,7.43
344,Sao Joao Da Barra,BR,2022-06-01 18:00:17,-21.6403,-41.0511,76.95,74,44,10.2
345,Egvekinot,RU,2022-06-01 18:02:15,66.3167,-179.1667,38.52,71,70,4.56
346,Nchelenge,ZM,2022-06-01 18:02:16,-9.3451,28.734,74.48,49,55,7.78
347,Liepaja,LV,2022-06-01 18:02:16,56.5419,21.0367,55.38,88,75,5.75
348,Hambantota,LK,2022-06-01 18:02:17,6.1241,81.1185,80.1,82,98,19.24
349,Barcelona,ES,2022-06-01 17:58:12,41.3888,2.159,85.19,73,0,12.66
350,Severnyy,RU,2022-06-01 18:02:18,50.677,36.5532,71.64,73,0,4.47
351,Klaksvik,FO,2022-06-01 18:02:18,62.2266,-6.589,50.92,84,17,12.35
352,Nouadhibou,MR,2022-06-01 18:02:19,20.931,-17.0347,67.26,82,13,30.27
353,Kota,IN,2022-06-01 17:57:27,25.1833,75.8333,97.25,13,2,6.62
354,Aklavik,CA,2022-06-01 18:02:20,68.2191,-135.0107,45.79,76,99,16.04
355,Rosetta,EG,2022-06-01 18:02:20,31.4044,30.4164,72.52,83,0,12.03
356,Makakilo City,US,2022-06-01 18:02:20,21.3469,-158.0858,76.19,85,75,0.0
357,Rawson,AR,2022-06-01 18:02:21,-43.3002,-65.1023,48.09,64,62,10.71
358,Barmer,IN,2022-06-01 18:02:21,25.75,71.3833,91.22,31,0,17.58
359,Antofagasta,CL,2022-06-01 18:00:02,-23.65,-70.4,62.35,63,31,6.51
360,Nador,MA,2022-06-01 18:02:22,35.174,-2.9287,79.05,41,0,12.66
361,Carnarvon,AU,2022-06-01 18:02:23,-24.8667,113.6333,64.04,52,0,12.15
362,Chingirlau,KZ,2022-06-01 18:02:23,51.095,54.0814,59.47,62,2,8.86
363,Port Blair,IN,2022-06-01 18:02:24,11.6667,92.75,81.52,83,100,10.58
364,Calama,CL,2022-06-01 18:02:24,-22.4667,-68.9333,57.22,20,4,29.37
365,Salym,RU,2022-06-01 18:02:25,60.0625,71.4789,43.47,55,8,8.95
366,Kamina,CD,2022-06-01 18:02:25,-8.7386,24.9906,66.06,57,27,4.45
367,Kiruna,SE,2022-06-01 18:02:26,67.8557,20.2251,52.72,76,75,8.05
368,Karla,EE,2022-06-01 18:02:26,59.3723,24.9275,62.56,75,0,8.05
369,Kyzyl-Mazhalyk,RU,2022-06-01 18:02:26,51.1333,90.6,54.86,65,78,2.53
370,New Philadelphia,US,2022-06-01 18:03:27,40.4898,-81.4457,89.85,50,0,8.99
371,Kolpashevo,RU,2022-06-01 18:03:27,58.3131,82.9089,44.28,87,100,8.81
372,Aasiaat,GL,2022-06-01 18:03:28,68.7098,-52.8699,33.46,79,18,9.51
373,Haines Junction,CA,2022-06-01 18:03:28,60.7522,-137.5108,66.74,26,12,0.87
374,Mgandu,TZ,2022-06-01 18:03:29,-5.95,34.1333,67.98,53,99,6.87
375,Lake City,US,2022-06-01 18:03:29,30.1897,-82.6393,86.79,48,40,0.0
376,Sur,OM,2022-06-01 18:03:30,22.5667,59.5289,85.77,60,0,11.77
377,Saint-Joseph,RE,2022-06-01 18:03:30,-21.3667,55.6167,71.98,78,37,6.73
378,Zlitan,LY,2022-06-01 18:03:31,32.4674,14.5687,80.47,45,2,8.41
379,Coracao De Jesus,BR,2022-06-01 18:03:31,-16.6853,-44.365,87.71,19,3,7.85
380,Maningrida,AU,2022-06-01 18:03:32,-12.0667,134.2667,71.6,94,54,7.78
381,Grand Gaube,MU,2022-06-01 18:03:32,-20.0064,57.6608,73.38,69,25,3.0
382,Ravar,IR,2022-06-01 18:03:33,31.2656,56.8055,77.25,9,0,5.68
383,Noumea,NC,2022-06-01 18:03:33,-22.2763,166.4572,75.99,99,83,10.63
384,Hammerfest,NO,2022-06-01 18:03:33,70.6634,23.6821,63.05,39,0,8.05
385,Assiniboia,CA,2022-06-01 18:00:38,49.6334,-105.9845,61.07,32,100,16.53
386,Aksarka,RU,2022-06-01 18:03:34,66.5606,67.7975,35.35,59,57,20.58
387,Camabatela,AO,2022-06-01 18:03:35,-8.1881,15.375,67.71,44,34,5.53
388,Salalah,OM,2022-06-01 18:03:35,17.0151,54.0924,84.29,79,40,8.05
389,Seda,LV,2022-06-01 18:03:36,57.65,25.75,65.05,64,100,9.84
390,Elat,IL,2022-06-01 18:03:36,29.5581,34.9482,89.44,35,0,25.32
391,Te Anau,NZ,2022-06-01 18:03:37,-45.4167,167.7167,50.02,91,100,3.94
392,Tepelene,AL,2022-06-01 18:03:37,40.2958,20.0192,73.26,68,0,5.61
393,Nichinan,JP,2022-06-01 18:03:38,31.6,131.3667,62.82,89,100,4.65
394,Devonport,AU,2022-06-01 18:03:38,-41.1667,146.35,42.82,81,2,6.73
395,Cabano,PH,2022-06-01 18:03:39,10.5869,122.7002,80.89,82,77,5.19
396,Skibbereen,IE,2022-06-01 18:03:39,51.55,-9.2667,60.12,75,68,7.83
397,Portobelo,PA,2022-06-01 18:03:39,9.55,-79.65,86.11,76,100,1.72
398,Ranir Bazar,IN,2022-06-01 18:03:40,23.8333,91.3667,77.23,96,63,6.04
399,Leh,IN,2022-06-01 18:03:41,34.1667,77.5833,49.73,36,42,6.76
400,Celle,DE,2022-06-01 18:03:41,52.6226,10.0805,60.21,79,83,8.05
401,Kirovsk,UA,2022-06-01 18:03:42,48.6375,38.6428,69.35,75,14,4.81
402,Sinnamary,GF,2022-06-01 18:03:42,5.3833,-52.95,80.94,81,99,3.02
403,Yakeshi,CN,2022-06-01 18:03:43,49.2833,120.7333,44.69,74,18,2.93
404,Sembakung,ID,2022-06-01 18:03:43,3.8167,117.25,73.44,99,48,1.63
405,Xuddur,SO,2022-06-01 18:03:44,4.1213,43.8894,78.04,61,83,15.41
406,Tapolca,HU,2022-06-01 18:03:44,46.8815,17.4412,76.86,66,23,5.32
407,Gold Coast,AU,2022-06-01 18:03:44,-28.0,153.4333,54.03,77,100,2.3
408,Dejen,ET,2022-06-01 18:03:45,10.1667,38.1333,71.42,22,89,8.84
409,Malkara,TR,2022-06-01 18:03:45,40.89,26.9011,67.51,68,20,8.08
410,Lepe,ES,2022-06-01 18:03:46,37.2548,-7.2043,72.19,61,4,13.09
411,Russkaya Polyana,UA,2022-06-01 18:03:46,49.417,31.9201,68.4,74,5,1.79
412,Kieta,PG,2022-06-01 18:03:47,-6.2167,155.6333,77.25,83,92,4.18
413,Sorland,NO,2022-06-01 18:03:47,67.667,12.6934,49.86,73,97,20.22
414,Faanui,PF,2022-06-01 18:03:48,-16.4833,-151.75,78.39,76,100,8.03
415,Pangody,RU,2022-06-01 18:03:48,65.85,74.4859,30.25,76,66,20.24
416,Nanakuli,US,2022-06-01 18:04:49,21.3906,-158.1547,78.75,73,75,5.75
417,Santa Cruz,BO,2022-06-01 18:00:05,-17.8,-63.1667,64.78,70,100,1.14
418,Inta,RU,2022-06-01 18:04:49,66.0317,60.1659,46.6,41,42,10.83
419,Mao,ES,2022-06-01 18:04:50,39.8885,4.2658,77.56,41,0,8.05
420,Kitgum,UG,2022-06-01 18:04:50,3.2783,32.8867,73.65,62,70,2.66
421,Rawlins,US,2022-06-01 18:04:51,41.7911,-107.2387,53.35,46,0,3.44
422,Traverse City,US,2022-06-01 18:02:21,44.7631,-85.6206,66.83,59,75,8.05
423,Kozova,UA,2022-06-01 18:04:51,49.4354,25.1509,61.14,87,26,4.85
424,Roma,US,2022-06-01 18:03:47,43.2128,-75.4557,68.72,96,100,10.36
425,Seoul,KR,2022-06-01 18:04:52,37.5683,126.9778,62.04,59,1,3.62
426,Pudozh,RU,2022-06-01 18:04:52,61.8099,36.5345,57.72,78,63,1.21
427,Mount Gambier,AU,2022-06-01 18:04:53,-37.8333,140.7667,45.86,76,82,4.29
428,Mercedes,AR,2022-06-01 18:04:53,-34.6515,-59.4307,56.86,37,75,3.33
429,Raahe,FI,2022-06-01 18:04:54,64.6833,24.4833,57.29,82,89,9.01
430,Meiganga,CM,2022-06-01 18:04:54,6.5167,14.3,64.76,92,100,9.48
431,Mangrol,IN,2022-06-01 18:04:54,21.1167,70.1167,81.32,83,3,14.23
432,Tura,IN,2022-06-01 18:04:55,25.5198,90.2201,73.89,95,9,5.61
433,Amarpur,IN,2022-06-01 18:04:55,25.0333,86.9,90.79,54,57,13.94
434,Upington,ZA,2022-06-01 18:04:56,-28.4478,21.2561,57.61,16,0,4.63
435,Taoudenni,ML,2022-06-01 18:04:56,22.6783,-3.9836,107.19,7,15,15.08
436,Mae Ramat,TH,2022-06-01 18:04:57,16.984,98.5166,74.14,99,66,1.34
437,Dudinka,RU,2022-06-01 18:04:57,69.4058,86.1778,30.85,96,100,17.83
438,Svetlyy,RU,2022-06-01 18:04:58,54.675,20.1347,55.45,96,100,11.41
439,Mingguang,CN,2022-06-01 18:04:58,32.7802,117.9638,75.09,66,58,6.53
440,Diffa,NE,2022-06-01 18:04:59,13.3154,12.6113,94.32,14,0,8.37
441,Alyangula,AU,2022-06-01 18:04:59,-13.8483,136.4192,75.31,85,73,10.47
442,Reconquista,AR,2022-06-01 18:02:38,-29.15,-59.65,58.86,40,7,8.79
443,Santa Marta,CO,2022-06-01 18:01:02,11.2408,-74.199,84.36,69,99,9.19
444,Oktyabrskiy,RU,2022-06-01 18:05:00,54.4815,53.471,57.25,74,0,2.37
445,Matara,LK,2022-06-01 18:05:00,5.9485,80.5353,78.44,89,88,12.06
446,Susangerd,IR,2022-06-01 18:05:01,31.5608,48.1831,99.14,6,0,10.47
447,Lugovoy,KZ,2022-06-01 18:05:01,42.9472,72.7644,61.63,61,69,5.28
448,Banamba,ML,2022-06-01 18:05:02,13.55,-7.45,103.24,16,24,9.42
449,Kursenai,LT,2022-06-01 18:05:03,55.985,22.9189,55.65,95,100,5.5
450,Silifke,TR,2022-06-01 18:05:03,36.3778,33.9344,75.29,66,55,1.57
451,Vardo,NO,2022-06-01 18:05:04,70.3705,31.1107,44.58,81,0,6.91
452,Liberty,US,2022-06-01 18:05:05,31.8335,-81.5004,90.27,33,2,4.23
453,Tilichiki,RU,2022-06-01 18:05:05,60.4667,166.1,40.46,72,0,2.73
454,Capitao Poco,BR,2022-06-01 18:05:06,-1.7464,-47.0594,83.14,75,69,6.26
455,Bathsheba,BB,2022-06-01 18:05:07,13.2167,-59.5167,84.81,65,20,13.8
456,Piet Retief,ZA,2022-06-01 18:05:07,-27.0071,30.8132,44.31,56,0,0.56
457,Caravelas,BR,2022-06-01 18:05:08,-17.7125,-39.2481,79.43,66,6,6.76
458,Trinidad,BO,2022-06-01 18:05:08,-14.8333,-64.9,82.0,56,100,2.84
459,Ust-Ilimsk,RU,2022-06-01 18:05:09,58.0006,102.6619,54.16,62,100,2.71
460,Wanning,CN,2022-06-01 18:05:09,18.8003,110.3967,81.01,89,93,9.62
461,Charters Towers,AU,2022-06-01 18:05:10,-20.1,146.2667,57.85,55,73,6.53
462,Fort-Shevchenko,KZ,2022-06-01 18:05:11,44.5086,50.263,77.45,46,2,18.48
463,Luhyny,UA,2022-06-01 18:06:11,51.082,28.4006,62.47,91,65,5.68
464,Qui Nhon,VN,2022-06-01 18:06:12,13.7667,109.2333,79.77,90,100,5.06
465,Lehi,US,2022-06-01 18:01:28,40.3916,-111.8508,68.41,42,1,4.0
466,Chancay,PE,2022-06-01 18:06:13,-11.5714,-77.2672,66.81,69,49,11.39
467,Saraza,PH,2022-06-01 18:06:13,8.7356,117.78,79.9,82,91,3.49
468,Merauke,ID,2022-06-01 18:06:14,-8.4667,140.3333,76.86,86,64,12.28
469,Shimoda,JP,2022-06-01 18:06:14,34.6667,138.95,61.11,84,92,1.54
470,Antalya,TR,2022-06-01 18:06:15,36.7741,30.7178,76.08,79,20,2.3
471,Trairi,BR,2022-06-01 18:01:18,-3.2778,-39.2689,81.34,81,72,8.95
472,Kupang,ID,2022-06-01 18:06:15,-10.1667,123.5833,77.07,88,81,5.01
473,Komsomolskiy,UZ,2022-06-01 18:06:16,40.4272,71.7189,70.52,46,0,6.91
474,Banikoara,BJ,2022-06-01 18:05:11,11.2985,2.4386,96.08,20,86,4.65
475,Lillooet,CA,2022-06-01 18:06:16,50.6856,-121.942,68.11,59,94,1.81
476,Vilhena,BR,2022-06-01 18:06:17,-12.7406,-60.1458,90.64,25,5,4.9
477,Kasongo-Lunda,CD,2022-06-01 18:06:17,-6.4667,16.8167,79.92,46,48,1.57
478,Tomatlan,MX,2022-06-01 18:06:07,19.9333,-105.25,88.29,42,37,10.85
479,Filingue,NE,2022-06-01 18:06:18,14.3521,3.3168,101.82,13,3,5.77
480,Yar-Sale,RU,2022-06-01 18:06:19,66.8333,70.8333,34.32,63,87,18.23
481,Envira,BR,2022-06-01 18:06:19,-7.3,-70.2167,75.43,90,100,3.71
482,Sakakah,SA,2022-06-01 18:06:19,29.9697,40.2064,94.33,9,42,13.87
483,Tsumeb,NA,2022-06-01 18:06:20,-19.2333,17.7167,57.31,12,2,11.43
484,Raudeberg,NO,2022-06-01 18:06:20,61.9875,5.1352,50.67,94,100,8.12
485,Sanmenxia,CN,2022-06-01 18:06:21,34.7747,111.1814,72.0,47,18,5.82
486,Griffith,US,2022-06-01 18:06:21,41.5284,-87.4237,73.15,71,100,10.36
487,Pochutla,MX,2022-06-01 18:06:22,15.7432,-96.4661,81.82,80,100,4.92
488,Lusambo,CD,2022-06-01 18:06:22,-4.9667,23.45,75.67,64,90,2.59
489,Siverek,TR,2022-06-01 18:06:23,37.755,39.3167,79.07,21,17,4.03
490,Devils Lake,US,2022-06-01 18:01:59,48.1128,-98.8651,64.94,43,29,14.0
491,Kuala Terengganu,MY,2022-06-01 18:04:18,5.3302,103.1408,79.68,83,45,6.15
492,Seabra,BR,2022-06-01 18:06:24,-12.4186,-41.7703,81.1,35,12,9.69
493,Garden City,US,2022-06-01 18:02:51,42.3256,-83.331,79.21,76,100,9.22
494,Kununurra,AU,2022-06-01 18:06:24,-15.7667,128.7333,76.98,88,97,0.0
495,Nyuksenitsa,RU,2022-06-01 18:06:25,60.4128,44.2397,61.81,78,100,1.7
496,Abu Samrah,SY,2022-06-01 18:06:25,35.3029,37.1841,81.84,38,1,8.86
497,Tenenkou,ML,2022-06-01 18:06:26,14.4572,-4.9169,105.71,14,65,8.52
498,Bom Sucesso,BR,2022-06-01 18:02:02,-21.0331,-44.7581,80.15,42,27,5.1
499,Snezhnogorsk,RU,2022-06-01 18:06:26,69.1933,33.2531,64.18,59,31,14.61
500,Tual,ID,2022-06-01 18:06:27,-5.6667,132.75,83.28,76,21,11.54
501,Murray Bridge,AU,2022-06-01 18:06:27,-35.1167,139.2667,50.13,74,100,5.41
502,Kodinsk,RU,2022-06-01 18:06:28,58.6881,99.1844,51.69,89,100,2.28
503,Zapolyarnyy,RU,2022-06-01 18:06:28,69.4154,30.8136,47.48,52,39,7.14
504,Bay Roberts,CA,2022-06-01 18:06:28,47.5999,-53.2648,43.52,88,99,5.01
505,Cap Malheureux,MU,2022-06-01 18:06:29,-19.9842,57.6142,73.47,69,14,3.0
506,Skjervoy,NO,2022-06-01 18:06:29,70.0311,20.9714,60.8,63,15,13.78
507,Kenai,US,2022-06-01 18:06:30,60.5544,-151.2583,65.03,67,0,4.61
508,Daitari,IN,2022-06-01 18:06:30,21.1,85.75,81.97,57,100,3.15
509,Yerbogachen,RU,2022-06-01 18:06:31,61.2767,108.0108,42.93,87,16,4.63
510,Hay River,CA,2022-06-01 18:07:31,60.8156,-115.7999,60.76,38,23,4.47
511,Mitsamiouli,KM,2022-06-01 18:07:32,-11.3847,43.2844,78.84,67,53,12.15
512,Didao,CN,2022-06-01 18:07:32,45.3667,130.8,46.92,93,97,3.53
513,Berlevag,NO,2022-06-01 18:07:32,70.8578,29.0864,51.6,81,1,19.57
514,San Juan Evangelista,MX,2022-06-01 18:07:33,17.9,-95.1333,88.36,58,84,4.7
515,Sola,VU,2022-06-01 18:07:33,-13.8833,167.55,81.05,77,49,12.15
516,Kalmunai,LK,2022-06-01 18:07:34,7.4167,81.8167,80.89,75,73,4.88
517,Bangassou,CF,2022-06-01 18:07:34,4.7413,22.8184,71.4,88,92,1.86
518,Sychevka,RU,2022-06-01 18:07:35,55.8252,34.2736,59.88,92,47,6.31
519,Mizdah,LY,2022-06-01 18:07:35,31.4451,12.9801,93.54,14,0,18.99
520,Krasnoselkup,RU,2022-06-01 18:07:36,65.7,82.4667,34.36,92,100,18.48
521,Koscierzyna,PL,2022-06-01 18:07:37,54.1223,17.9812,56.12,80,92,8.19
522,Half Moon Bay,US,2022-06-01 18:04:00,37.4636,-122.4286,84.6,66,0,5.75
523,Nelson Bay,AU,2022-06-01 18:07:37,-32.7167,152.15,48.09,76,12,3.0
524,Sioux Lookout,CA,2022-06-01 18:07:38,50.1001,-91.917,58.35,42,50,14.79
525,Ondo,NG,2022-06-01 18:07:38,7.1,4.8333,75.97,88,90,3.8
526,Saint-Michel-Des-Saints,CA,2022-06-01 18:07:38,46.6834,-73.9159,54.93,80,100,5.21
527,Mehamn,NO,2022-06-01 18:07:39,71.0357,27.8492,44.51,67,3,15.03
528,Along,IN,2022-06-01 18:07:39,28.1667,94.7667,73.36,96,45,1.61
529,Russkiy Kameshkir,RU,2022-06-01 18:07:40,52.8589,46.0892,64.0,72,100,6.55
530,Sangar,RU,2022-06-01 18:07:40,63.9242,127.4739,48.34,95,100,8.08
531,Sterling,US,2022-06-01 18:07:41,39.0062,-77.4286,94.41,49,75,10.0
532,Nieuw Nickerie,SR,2022-06-01 18:07:41,5.95,-56.9833,81.12,77,93,6.38
533,Charagua,BO,2022-06-01 18:07:42,-19.8,-63.2167,51.94,73,100,3.15
